project;#commits;#authors;From;To;#stars;#forks;LastGHCommitDate;LongestGapStart (YYYY-MM), ;LongestGapEnd (YYYY-MM),;LongestGapLength;NumCommitsAfterLastGap;pattern;NumberOfGapsInTimeline;BeforeThemes:;AfterThemes:;HypothesizedGapReason;HasRecovered;WhyRecovered;WhoRecovered;Currentstatus;RecentThemes;Notes
delsuc_spike;1109;33;1416251831;1762186964;21;7;2026/08/10;2023-11;2024-08;10;10;declining;4;Bug fixes:Documentation updates;Feature development:Bug fixes;Temporary pause in building as a lot bug fixes and documentation happened, so it could mark the end of a particular season and it started with new features updates;Yes;The new season started with new features and further bug fixes;Marc-Andre Delsuc mostly continued it except for one commit from Bogdan Popescu;Active;Bug fixes:Feature developments;Finding out the reason for the longest gap was difficult for this project as there was not much information in the pull requests and issues. So, we had to completely rely on the commit message, and it seems to be more of a solo project as there seems to be one contributor who does most of the commits. The project has been fairly active in the beginning, but towards the end, it slowed and got so many gaps. The reason for inactivity seems to be the near completion of the project as it had a lot of documentation changes and bug fixes and it was towards the end of the timeline.
arm61_pylj;550;17;1517503095;1733104946;31;22;2026/09/26;2021-05;2024-05;37;89;declining;4;Dependency udpates:Release;Bug fixes:Documentation updates;It could be a temporary release that had happened as there was many commits about dependency updates and releases, and it resumed with a very long gap of 2-3 years for bug fixes;Yes;It has had new bug fixes and documentation updates, so a minor change was expected in the release and it was done and documenation was updated;Maxdolan seemed to be a new active contributor after the gap;Active;Dependency updates:Release;Identifying the exact gap reason for this project was tough again as there are no pull requests and only one issue. The overal activity in this project is sharply declining as in 2018, many updates were made. But after that, negligible updates were made until 2024, where there was a sudden commit spike. I feel that the reason for inactivity could have been a quick release, and it resumed to keep up with the project and fix more bugs when new contributors joined the project.
dswah_pyGAM;1080;80;1484798062;1760626177;1017;292;2026/01/22;2021-10;2022-07;10;251;irregular;4;Bug fixes:Feature Development;Dependency updates:Bug fixes;The inactivity was probably due to handing over the project to a different set of contributors as the new contributors are completely new and created a lot of dependency updates;Yes;It recovered to start a fresh season with new set of contributors as they took it over;Justin, Miguel, and Chandan seem to be most involved after the gap;Inactive;Documentation updates:Bug fixes;Capturing the reason for inactivity for fairly easier than the others for this project as it had a lot issues and pull requests to look through. The new commits after the gap consisted of a lot of dependency updates. Also, it was fresh with new people. So, the reason for this small inactivity would be because changing the project to a new team.
gyyang_neurogym;3031;39;1550764500;1761577669;343;59;2026/03/31;2022-12;2023-11;12;1175;U-shaped;4;Security patches:Dependency updates;Other (configuration):Bug fixes;From the commit messages, the compatibility issue seems to be the reason for the temporary pause;Yes;It has recovered to fix the compatibility issues and other bugs;Even after the pause, Nacloos has been the main person in recovering the project;Inactive;Release:Documentation updates;The project was well organzied with issues and pull requests, but it is still hard to confirm the reasoning for the gap period. This is because there was only one main contributor before and after the gap. The most likely reason for the gap could be so many issues regarding compatibility issues. Also, there is a new contributor exactly before the gap, indicating that despite several efforts, the issue was not exactly solved at that point of time, so it needed a small break.
jbytecode_LinRegOutliers;902;10;1598126055;1761947018;53;6;2026/09/04;2021-03;2021-06;4;318;declining;1;Dependency updates:Documentation updates;Dependency updates:Bug fixes;It is really short pause of 3 months to just get new aspect of the project get started;Yes;It has recovered to fix the new bugs and reflect on the documentation made before the gap;jbytecode seems to be a new contributor who was heavily involved in the new process;Active;Feature development:Bug fixes;Predicting the gap in this case was not too hard even though there were not much issues and pull requests. This is because it is one of the shortest gaps comparatively, and it seems to have a lot of documentation beforehand. So, the gap was just a break before starting off with a new season to reflect on the documentational changes and fix the existing bugs.
lsst_daf_butler;8810;86;1412152689;1762283255;16;20;2026/09/27;2016-01;2017-09;21;8798;cyclic;3;Documentation updates:Bug fixes;Feature development:Bug fixes;The huge pause of over a year was likely due to abondment from less resources or unavailability of many people as after the initial documentation, the progress just stopped overall;Yes;It recovered from Pim Schellart taking it over and providing new new features to project;Pim Schellart has been the main contributor after the big gap;Active;Feature development:Dependency updates;It was fairly easy to predict the gap reason for this project as the gap was right in the beginning. Also, the github repo for this porject is well maintained with a lot of pull requests. After initial documentation, the project went into a period of long inactivity followed by feature updates after recovery by a new person. This tell us that after the initial steps, the existing contributor could have left the project due to lack or resources or other priorities, which taken over by a new contributor to add the basic features.
mothur_mothur;4610;50;1232041010;1768327073;281;111;2026/08/21;2023-01;2023-12;12;43;cyclic;1;Bug fixes:Feature development;Bug fixes:Other;The inactivity is due to near completion of the project over time;Yes;It has recovered from new fixes;Along with Sarah Westcott, a lot of different contributors were responible for the recovery;Active;Dependency updates:Documentation updates;This was a fairly difficult gap to analyze as the commit messages were not being completely useful. However, there were a lot of issues in this project that helped slightly other than analyzing the graph. From the graph it can inferred that the project had a lot of updates from the beginning and its intensity stopped after 2023. This tell us that the project might have come to a near end, with few corrections after the period.
nasa_CCDD;428;13;1484077520;1734639707;93;33;2026/06/30;2021-07;2021-09;3;80;irregular;2;Documentation updates:Dependency updates;Release:Bug fixes;Maintenance issue or temporary pause after a huge update;Yes;It has recovered for quick releases and bug fixes;Kevin McCluney has been a contriubtor after the break other than Bryan Willis;Active;Dependency updates:Bug fixes;It is difficult to intepret the reason for the gap as it is not a large gap. But looking at the commit messages, it can be seen that there were many version updates before the gap, and after the gap, there are many quick fixes and reformatting. So, the reason might be just a random temporary pause or slight maintenance issue on version updates. 
PapenfussLab_gridss;2382;43;1377588244;1755694478;285;73;2025/05/21;2013-12;2014-02;3;2340;U-shaped;3;Bug fixes:Feature development;Feature development:Dependency updates;A lot of bug fixes and developments led to a short pause in development;Yes;New functionality and features have recovered the project;Daniel Cameron seems to be a new contributor who was majorilty responsible for the recovery;Inactive;Documentation updates:Bug fixes;The project has been well maintained with constant issues. However, lack of issue during the brief pause before 2015 made it difficult to interpret the actual reasonings. The exact reason for inactivity is unknown, but it seems to be a normal development pause after a lot debugging and bug fixes. The recovery is to take the project as the project still seemed to be in the starting stages when the pause happened. Also, it seems to be a medical institute, so recovery would have been crucial for the lab.
stephenslab_mashr;943;15;1481984097;1730994282;101;21;2024/09/07;2023-11;2024-10;12;5;irregular;5;Bug fixes:Documentation updates;Feature development:Release;Final deployment of the software could have taken place;Yes (Partial Recovery);It recovered with slight feature fixes;Peter Carbonetto has been the contributor for recovery and even before the pause;Inactive;Feature development:Release;The identification of the reasoning behind the inactivity for this project seemed fairly simple to me. This is because it had the longest gap towards the end of the project. So, the recovery was very slight, meaning that after 5 commits after the gap, there was no other activity in the project. So, the reasoning could have been due to the completion of the project, which then needed slight fixes and releases.
