Month;#Commits;Project
2014-11;14;delsuc_spike
2014-12;16;delsuc_spike
2015-01;10;delsuc_spike
2015-02;4;delsuc_spike
2015-03;52;delsuc_spike
2015-04;22;delsuc_spike
2015-05;14;delsuc_spike
2015-06;14;delsuc_spike
2015-07;8;delsuc_spike
2015-08;34;delsuc_spike
2015-09;65;delsuc_spike
2015-10;74;delsuc_spike
2015-11;62;delsuc_spike
2015-12;16;delsuc_spike
2016-01;104;delsuc_spike
2016-02;48;delsuc_spike
2016-03;36;delsuc_spike
2016-04;32;delsuc_spike
2016-05;16;delsuc_spike
2016-06;10;delsuc_spike
2016-07;10;delsuc_spike
2016-08;0;delsuc_spike
2016-09;6;delsuc_spike
2016-10;0;delsuc_spike
2016-11;2;delsuc_spike
2016-12;0;delsuc_spike
2017-01;8;delsuc_spike
2017-02;6;delsuc_spike
2017-03;0;delsuc_spike
2017-04;12;delsuc_spike
2017-05;16;delsuc_spike
2017-06;2;delsuc_spike
2017-07;0;delsuc_spike
2017-08;0;delsuc_spike
2017-09;2;delsuc_spike
2017-10;6;delsuc_spike
2017-11;0;delsuc_spike
2017-12;0;delsuc_spike
2018-01;0;delsuc_spike
2018-02;6;delsuc_spike
2018-03;22;delsuc_spike
2018-04;0;delsuc_spike
2018-05;0;delsuc_spike
2018-06;6;delsuc_spike
2018-07;0;delsuc_spike
2018-08;0;delsuc_spike
2018-09;2;delsuc_spike
2018-10;0;delsuc_spike
2018-11;10;delsuc_spike
2018-12;0;delsuc_spike
2019-01;4;delsuc_spike
2019-02;2;delsuc_spike
2019-03;26;delsuc_spike
2019-04;20;delsuc_spike
2019-05;8;delsuc_spike
2019-06;2;delsuc_spike
2019-07;10;delsuc_spike
2019-08;6;delsuc_spike
2019-09;14;delsuc_spike
2019-10;30;delsuc_spike
2019-11;0;delsuc_spike
2019-12;12;delsuc_spike
2020-01;22;delsuc_spike
2020-02;10;delsuc_spike
2020-03;8;delsuc_spike
2020-04;8;delsuc_spike
2020-05;4;delsuc_spike
2020-06;5;delsuc_spike
2020-07;1;delsuc_spike
2020-08;0;delsuc_spike
2020-09;0;delsuc_spike
2020-10;0;delsuc_spike
2020-11;0;delsuc_spike
2020-12;7;delsuc_spike
2021-01;2;delsuc_spike
2021-02;5;delsuc_spike
2021-03;0;delsuc_spike
2021-04;12;delsuc_spike
2021-05;7;delsuc_spike
2021-06;5;delsuc_spike
2021-07;7;delsuc_spike
2021-08;5;delsuc_spike
2021-09;6;delsuc_spike
2021-10;0;delsuc_spike
2021-11;14;delsuc_spike
2021-12;8;delsuc_spike
2022-01;8;delsuc_spike
2022-02;2;delsuc_spike
2022-03;5;delsuc_spike
2022-04;1;delsuc_spike
2022-05;3;delsuc_spike
2022-06;1;delsuc_spike
2022-07;2;delsuc_spike
2022-08;8;delsuc_spike
2022-09;0;delsuc_spike
2022-10;0;delsuc_spike
2022-11;2;delsuc_spike
2022-12;0;delsuc_spike
2023-01;0;delsuc_spike
2023-02;5;delsuc_spike
2023-03;8;delsuc_spike
2023-04;1;delsuc_spike
2023-05;2;delsuc_spike
2023-06;2;delsuc_spike
2023-07;1;delsuc_spike
2023-08;2;delsuc_spike
2023-09;3;delsuc_spike
2023-10;5;delsuc_spike
2023-11;0;delsuc_spike
2023-12;0;delsuc_spike
2024-01;0;delsuc_spike
2024-02;0;delsuc_spike
2024-03;0;delsuc_spike
2024-04;0;delsuc_spike
2024-05;0;delsuc_spike
2024-06;0;delsuc_spike
2024-07;0;delsuc_spike
2024-08;0;delsuc_spike
2024-09;2;delsuc_spike
2024-10;0;delsuc_spike
2024-11;0;delsuc_spike
2024-12;0;delsuc_spike
2025-01;0;delsuc_spike
2025-02;0;delsuc_spike
2025-03;0;delsuc_spike
2025-04;0;delsuc_spike
2025-05;0;delsuc_spike
2025-06;0;delsuc_spike
2025-07;1;delsuc_spike
2025-08;5;delsuc_spike
2025-09;1;delsuc_spike
2025-10;0;delsuc_spike
2025-11;1;delsuc_spike
2018-02;23;arm61_pylj
2018-03;1;arm61_pylj
2018-04;16;arm61_pylj
2018-05;47;arm61_pylj
2018-06;83;arm61_pylj
2018-07;44;arm61_pylj
2018-08;61;arm61_pylj
2018-09;80;arm61_pylj
2018-10;2;arm61_pylj
2018-11;1;arm61_pylj
2018-12;56;arm61_pylj
2019-01;7;arm61_pylj
2019-02;2;arm61_pylj
2019-03;3;arm61_pylj
2019-04;2;arm61_pylj
2019-05;15;arm61_pylj
2019-06;8;arm61_pylj
2019-07;0;arm61_pylj
2019-08;0;arm61_pylj
2019-09;0;arm61_pylj
2019-10;0;arm61_pylj
2019-11;0;arm61_pylj
2019-12;0;arm61_pylj
2020-01;0;arm61_pylj
2020-02;0;arm61_pylj
2020-03;0;arm61_pylj
2020-04;0;arm61_pylj
2020-05;0;arm61_pylj
2020-06;0;arm61_pylj
2020-07;0;arm61_pylj
2020-08;0;arm61_pylj
2020-09;5;arm61_pylj
2020-10;0;arm61_pylj
2020-11;0;arm61_pylj
2020-12;0;arm61_pylj
2021-01;0;arm61_pylj
2021-02;4;arm61_pylj
2021-03;0;arm61_pylj
2021-04;1;arm61_pylj
2021-05;0;arm61_pylj
2021-06;0;arm61_pylj
2021-07;0;arm61_pylj
2021-08;0;arm61_pylj
2021-09;0;arm61_pylj
2021-10;0;arm61_pylj
2021-11;0;arm61_pylj
2021-12;0;arm61_pylj
2022-01;0;arm61_pylj
2022-02;0;arm61_pylj
2022-03;0;arm61_pylj
2022-04;0;arm61_pylj
2022-05;0;arm61_pylj
2022-06;0;arm61_pylj
2022-07;0;arm61_pylj
2022-08;0;arm61_pylj
2022-09;0;arm61_pylj
2022-10;0;arm61_pylj
2022-11;0;arm61_pylj
2022-12;0;arm61_pylj
2023-01;0;arm61_pylj
2023-02;0;arm61_pylj
2023-03;0;arm61_pylj
2023-04;0;arm61_pylj
2023-05;0;arm61_pylj
2023-06;0;arm61_pylj
2023-07;0;arm61_pylj
2023-08;0;arm61_pylj
2023-09;0;arm61_pylj
2023-10;0;arm61_pylj
2023-11;0;arm61_pylj
2023-12;0;arm61_pylj
2024-01;0;arm61_pylj
2024-02;0;arm61_pylj
2024-03;0;arm61_pylj
2024-04;0;arm61_pylj
2024-05;0;arm61_pylj
2024-06;39;arm61_pylj
2024-07;22;arm61_pylj
2024-08;27;arm61_pylj
2024-09;0;arm61_pylj
2024-10;0;arm61_pylj
2024-11;0;arm61_pylj
2024-12;1;arm61_pylj
2017-01;19;dswah_pygam
2017-02;8;dswah_pygam
2017-03;83;dswah_pygam
2017-04;66;dswah_pygam
2017-05;53;dswah_pygam
2017-06;0;dswah_pygam
2017-07;18;dswah_pygam
2017-08;13;dswah_pygam
2017-09;3;dswah_pygam
2017-10;0;dswah_pygam
2017-11;7;dswah_pygam
2017-12;15;dswah_pygam
2018-01;15;dswah_pygam
2018-02;2;dswah_pygam
2018-03;26;dswah_pygam
2018-04;44;dswah_pygam
2018-05;1;dswah_pygam
2018-06;43;dswah_pygam
2018-07;51;dswah_pygam
2018-08;71;dswah_pygam
2018-09;117;dswah_pygam
2018-10;59;dswah_pygam
2018-11;8;dswah_pygam
2018-12;2;dswah_pygam
2019-01;0;dswah_pygam
2019-02;6;dswah_pygam
2019-03;2;dswah_pygam
2019-04;2;dswah_pygam
2019-05;0;dswah_pygam
2019-06;4;dswah_pygam
2019-07;40;dswah_pygam
2019-08;0;dswah_pygam
2019-09;0;dswah_pygam
2019-10;0;dswah_pygam
2019-11;0;dswah_pygam
2019-12;0;dswah_pygam
2020-01;0;dswah_pygam
2020-02;2;dswah_pygam
2020-03;6;dswah_pygam
2020-04;1;dswah_pygam
2020-05;0;dswah_pygam
2020-06;1;dswah_pygam
2020-07;25;dswah_pygam
2020-08;2;dswah_pygam
2020-09;2;dswah_pygam
2020-10;0;dswah_pygam
2020-11;0;dswah_pygam
2020-12;2;dswah_pygam
2021-01;4;dswah_pygam
2021-02;0;dswah_pygam
2021-03;0;dswah_pygam
2021-04;2;dswah_pygam
2021-05;0;dswah_pygam
2021-06;0;dswah_pygam
2021-07;0;dswah_pygam
2021-08;0;dswah_pygam
2021-09;4;dswah_pygam
2021-10;0;dswah_pygam
2021-11;0;dswah_pygam
2021-12;0;dswah_pygam
2022-01;0;dswah_pygam
2022-02;0;dswah_pygam
2022-03;0;dswah_pygam
2022-04;0;dswah_pygam
2022-05;0;dswah_pygam
2022-06;0;dswah_pygam
2022-07;0;dswah_pygam
2022-08;4;dswah_pygam
2022-09;0;dswah_pygam
2022-10;0;dswah_pygam
2022-11;1;dswah_pygam
2022-12;0;dswah_pygam
2023-01;1;dswah_pygam
2023-02;2;dswah_pygam
2023-03;25;dswah_pygam
2023-04;8;dswah_pygam
2023-05;0;dswah_pygam
2023-06;0;dswah_pygam
2023-07;1;dswah_pygam
2023-08;0;dswah_pygam
2023-09;0;dswah_pygam
2023-10;0;dswah_pygam
2023-11;0;dswah_pygam
2023-12;0;dswah_pygam
2024-01;0;dswah_pygam
2024-02;23;dswah_pygam
2024-03;2;dswah_pygam
2024-04;2;dswah_pygam
2024-05;4;dswah_pygam
2024-06;6;dswah_pygam
2024-07;0;dswah_pygam
2024-08;2;dswah_pygam
2024-09;2;dswah_pygam
2024-10;0;dswah_pygam
2024-11;2;dswah_pygam
2024-12;18;dswah_pygam
2025-01;21;dswah_pygam
2025-02;0;dswah_pygam
2025-03;0;dswah_pygam
2025-04;3;dswah_pygam
2025-05;3;dswah_pygam
2025-06;0;dswah_pygam
2025-07;108;dswah_pygam
2025-08;9;dswah_pygam
2025-09;0;dswah_pygam
2025-10;4;dswah_pygam
2019-02;111;gyyang_neurogym
2019-03;235;gyyang_neurogym
2019-04;128;gyyang_neurogym
2019-05;126;gyyang_neurogym
2019-06;38;gyyang_neurogym
2019-07;41;gyyang_neurogym
2019-08;5;gyyang_neurogym
2019-09;2;gyyang_neurogym
2019-10;18;gyyang_neurogym
2019-11;32;gyyang_neurogym
2019-12;52;gyyang_neurogym
2020-01;393;gyyang_neurogym
2020-02;212;gyyang_neurogym
2020-03;70;gyyang_neurogym
2020-04;71;gyyang_neurogym
2020-05;11;gyyang_neurogym
2020-06;65;gyyang_neurogym
2020-07;52;gyyang_neurogym
2020-08;21;gyyang_neurogym
2020-09;61;gyyang_neurogym
2020-10;24;gyyang_neurogym
2020-11;41;gyyang_neurogym
2020-12;1;gyyang_neurogym
2021-01;0;gyyang_neurogym
2021-02;1;gyyang_neurogym
2021-03;0;gyyang_neurogym
2021-04;0;gyyang_neurogym
2021-05;2;gyyang_neurogym
2021-06;0;gyyang_neurogym
2021-07;0;gyyang_neurogym
2021-08;0;gyyang_neurogym
2021-09;12;gyyang_neurogym
2021-10;0;gyyang_neurogym
2021-11;0;gyyang_neurogym
2021-12;0;gyyang_neurogym
2022-01;0;gyyang_neurogym
2022-02;1;gyyang_neurogym
2022-03;0;gyyang_neurogym
2022-04;1;gyyang_neurogym
2022-05;11;gyyang_neurogym
2022-06;13;gyyang_neurogym
2022-07;1;gyyang_neurogym
2022-08;0;gyyang_neurogym
2022-09;0;gyyang_neurogym
2022-10;0;gyyang_neurogym
2022-11;4;gyyang_neurogym
2022-12;0;gyyang_neurogym
2023-01;0;gyyang_neurogym
2023-02;0;gyyang_neurogym
2023-03;0;gyyang_neurogym
2023-04;0;gyyang_neurogym
2023-05;0;gyyang_neurogym
2023-06;0;gyyang_neurogym
2023-07;0;gyyang_neurogym
2023-08;0;gyyang_neurogym
2023-09;0;gyyang_neurogym
2023-10;0;gyyang_neurogym
2023-11;0;gyyang_neurogym
2023-12;3;gyyang_neurogym
2024-01;0;gyyang_neurogym
2024-02;11;gyyang_neurogym
2024-03;14;gyyang_neurogym
2024-04;3;gyyang_neurogym
2024-05;0;gyyang_neurogym
2024-06;0;gyyang_neurogym
2024-07;110;gyyang_neurogym
2024-08;7;gyyang_neurogym
2024-09;65;gyyang_neurogym
2024-10;7;gyyang_neurogym
2024-11;32;gyyang_neurogym
2024-12;221;gyyang_neurogym
2025-01;61;gyyang_neurogym
2025-02;70;gyyang_neurogym
2025-03;52;gyyang_neurogym
2025-04;113;gyyang_neurogym
2025-05;109;gyyang_neurogym
2025-06;165;gyyang_neurogym
2025-07;104;gyyang_neurogym
2025-08;7;gyyang_neurogym
2025-09;13;gyyang_neurogym
2025-10;8;gyyang_neurogym
2020-08;98;jbytecode_linregoutliers
2020-09;134;jbytecode_linregoutliers
2020-10;221;jbytecode_linregoutliers
2020-11;45;jbytecode_linregoutliers
2020-12;35;jbytecode_linregoutliers
2021-01;45;jbytecode_linregoutliers
2021-02;6;jbytecode_linregoutliers
2021-03;0;jbytecode_linregoutliers
2021-04;0;jbytecode_linregoutliers
2021-05;0;jbytecode_linregoutliers
2021-06;0;jbytecode_linregoutliers
2021-07;2;jbytecode_linregoutliers
2021-08;0;jbytecode_linregoutliers
2021-09;4;jbytecode_linregoutliers
2021-10;1;jbytecode_linregoutliers
2021-11;4;jbytecode_linregoutliers
2021-12;3;jbytecode_linregoutliers
2022-01;2;jbytecode_linregoutliers
2022-02;2;jbytecode_linregoutliers
2022-03;3;jbytecode_linregoutliers
2022-04;1;jbytecode_linregoutliers
2022-05;0;jbytecode_linregoutliers
2022-06;1;jbytecode_linregoutliers
2022-07;2;jbytecode_linregoutliers
2022-08;29;jbytecode_linregoutliers
2022-09;9;jbytecode_linregoutliers
2022-10;0;jbytecode_linregoutliers
2022-11;0;jbytecode_linregoutliers
2022-12;11;jbytecode_linregoutliers
2023-01;90;jbytecode_linregoutliers
2023-02;0;jbytecode_linregoutliers
2023-03;16;jbytecode_linregoutliers
2023-04;11;jbytecode_linregoutliers
2023-05;2;jbytecode_linregoutliers
2023-06;2;jbytecode_linregoutliers
2023-07;7;jbytecode_linregoutliers
2023-08;8;jbytecode_linregoutliers
2023-09;5;jbytecode_linregoutliers
2023-10;0;jbytecode_linregoutliers
2023-11;2;jbytecode_linregoutliers
2023-12;1;jbytecode_linregoutliers
2024-01;8;jbytecode_linregoutliers
2024-02;6;jbytecode_linregoutliers
2024-03;2;jbytecode_linregoutliers
2024-04;0;jbytecode_linregoutliers
2024-05;33;jbytecode_linregoutliers
2024-06;0;jbytecode_linregoutliers
2024-07;4;jbytecode_linregoutliers
2024-08;4;jbytecode_linregoutliers
2024-09;4;jbytecode_linregoutliers
2024-10;6;jbytecode_linregoutliers
2024-11;4;jbytecode_linregoutliers
2024-12;6;jbytecode_linregoutliers
2025-01;0;jbytecode_linregoutliers
2025-02;0;jbytecode_linregoutliers
2025-03;2;jbytecode_linregoutliers
2025-04;4;jbytecode_linregoutliers
2025-05;0;jbytecode_linregoutliers
2025-06;9;jbytecode_linregoutliers
2025-07;0;jbytecode_linregoutliers
2025-08;4;jbytecode_linregoutliers
2025-09;2;jbytecode_linregoutliers
2025-10;2;jbytecode_linregoutliers
2014-10;3;lsst_daf_butler
2014-11;0;lsst_daf_butler
2014-12;0;lsst_daf_butler
2015-01;1;lsst_daf_butler
2015-02;0;lsst_daf_butler
2015-03;0;lsst_daf_butler
2015-04;0;lsst_daf_butler
2015-05;0;lsst_daf_butler
2015-06;0;lsst_daf_butler
2015-07;0;lsst_daf_butler
2015-08;2;lsst_daf_butler
2015-09;0;lsst_daf_butler
2015-10;0;lsst_daf_butler
2015-11;0;lsst_daf_butler
2015-12;6;lsst_daf_butler
2016-01;0;lsst_daf_butler
2016-02;0;lsst_daf_butler
2016-03;0;lsst_daf_butler
2016-04;0;lsst_daf_butler
2016-05;0;lsst_daf_butler
2016-06;0;lsst_daf_butler
2016-07;0;lsst_daf_butler
2016-08;0;lsst_daf_butler
2016-09;0;lsst_daf_butler
2016-10;0;lsst_daf_butler
2016-11;0;lsst_daf_butler
2016-12;0;lsst_daf_butler
2017-01;0;lsst_daf_butler
2017-02;0;lsst_daf_butler
2017-03;0;lsst_daf_butler
2017-04;0;lsst_daf_butler
2017-05;0;lsst_daf_butler
2017-06;0;lsst_daf_butler
2017-07;0;lsst_daf_butler
2017-08;0;lsst_daf_butler
2017-09;0;lsst_daf_butler
2017-10;45;lsst_daf_butler
2017-11;20;lsst_daf_butler
2017-12;22;lsst_daf_butler
2018-01;23;lsst_daf_butler
2018-02;74;lsst_daf_butler
2018-03;94;lsst_daf_butler
2018-04;45;lsst_daf_butler
2018-05;82;lsst_daf_butler
2018-06;43;lsst_daf_butler
2018-07;73;lsst_daf_butler
2018-08;165;lsst_daf_butler
2018-09;76;lsst_daf_butler
2018-10;32;lsst_daf_butler
2018-11;10;lsst_daf_butler
2018-12;56;lsst_daf_butler
2019-01;107;lsst_daf_butler
2019-02;82;lsst_daf_butler
2019-03;88;lsst_daf_butler
2019-04;52;lsst_daf_butler
2019-05;90;lsst_daf_butler
2019-06;65;lsst_daf_butler
2019-07;27;lsst_daf_butler
2019-08;113;lsst_daf_butler
2019-09;29;lsst_daf_butler
2019-10;33;lsst_daf_butler
2019-11;58;lsst_daf_butler
2019-12;133;lsst_daf_butler
2020-01;95;lsst_daf_butler
2020-02;36;lsst_daf_butler
2020-03;44;lsst_daf_butler
2020-04;152;lsst_daf_butler
2020-05;183;lsst_daf_butler
2020-06;221;lsst_daf_butler
2020-07;240;lsst_daf_butler
2020-08;208;lsst_daf_butler
2020-09;165;lsst_daf_butler
2020-10;385;lsst_daf_butler
2020-11;148;lsst_daf_butler
2020-12;63;lsst_daf_butler
2021-01;62;lsst_daf_butler
2021-02;67;lsst_daf_butler
2021-03;120;lsst_daf_butler
2021-04;119;lsst_daf_butler
2021-05;119;lsst_daf_butler
2021-06;91;lsst_daf_butler
2021-07;55;lsst_daf_butler
2021-08;73;lsst_daf_butler
2021-09;112;lsst_daf_butler
2021-10;59;lsst_daf_butler
2021-11;78;lsst_daf_butler
2021-12;72;lsst_daf_butler
2022-01;84;lsst_daf_butler
2022-02;45;lsst_daf_butler
2022-03;92;lsst_daf_butler
2022-04;139;lsst_daf_butler
2022-05;62;lsst_daf_butler
2022-06;65;lsst_daf_butler
2022-07;79;lsst_daf_butler
2022-08;48;lsst_daf_butler
2022-09;87;lsst_daf_butler
2022-10;75;lsst_daf_butler
2022-11;38;lsst_daf_butler
2022-12;93;lsst_daf_butler
2023-01;55;lsst_daf_butler
2023-02;93;lsst_daf_butler
2023-03;70;lsst_daf_butler
2023-04;89;lsst_daf_butler
2023-05;63;lsst_daf_butler
2023-06;134;lsst_daf_butler
2023-07;127;lsst_daf_butler
2023-08;67;lsst_daf_butler
2023-09;25;lsst_daf_butler
2023-10;62;lsst_daf_butler
2023-11;106;lsst_daf_butler
2023-12;253;lsst_daf_butler
2024-01;210;lsst_daf_butler
2024-02;82;lsst_daf_butler
2024-03;108;lsst_daf_butler
2024-04;138;lsst_daf_butler
2024-05;95;lsst_daf_butler
2024-06;45;lsst_daf_butler
2024-07;101;lsst_daf_butler
2024-08;179;lsst_daf_butler
2024-09;109;lsst_daf_butler
2024-10;154;lsst_daf_butler
2024-11;64;lsst_daf_butler
2024-12;61;lsst_daf_butler
2025-01;54;lsst_daf_butler
2025-02;69;lsst_daf_butler
2025-03;90;lsst_daf_butler
2025-04;56;lsst_daf_butler
2025-05;116;lsst_daf_butler
2025-06;89;lsst_daf_butler
2025-07;54;lsst_daf_butler
2025-08;34;lsst_daf_butler
2025-09;67;lsst_daf_butler
2025-10;62;lsst_daf_butler
2025-11;6;lsst_daf_butler
2009-01;36;mothur_mothur
2009-02;62;mothur_mothur
2009-03;98;mothur_mothur
2009-04;38;mothur_mothur
2009-05;68;mothur_mothur
2009-06;84;mothur_mothur
2009-07;38;mothur_mothur
2009-08;28;mothur_mothur
2009-09;36;mothur_mothur
2009-10;6;mothur_mothur
2009-11;30;mothur_mothur
2009-12;12;mothur_mothur
2010-01;24;mothur_mothur
2010-02;32;mothur_mothur
2010-03;18;mothur_mothur
2010-04;30;mothur_mothur
2010-05;56;mothur_mothur
2010-06;82;mothur_mothur
2010-07;58;mothur_mothur
2010-08;68;mothur_mothur
2010-09;42;mothur_mothur
2010-10;42;mothur_mothur
2010-11;32;mothur_mothur
2010-12;60;mothur_mothur
2011-01;58;mothur_mothur
2011-02;98;mothur_mothur
2011-03;66;mothur_mothur
2011-04;62;mothur_mothur
2011-05;110;mothur_mothur
2011-06;42;mothur_mothur
2011-07;18;mothur_mothur
2011-08;8;mothur_mothur
2011-09;10;mothur_mothur
2011-10;18;mothur_mothur
2011-11;12;mothur_mothur
2011-12;10;mothur_mothur
2012-01;19;mothur_mothur
2012-02;25;mothur_mothur
2012-03;12;mothur_mothur
2012-04;36;mothur_mothur
2012-05;83;mothur_mothur
2012-06;52;mothur_mothur
2012-07;110;mothur_mothur
2012-08;45;mothur_mothur
2012-09;9;mothur_mothur
2012-10;17;mothur_mothur
2012-11;4;mothur_mothur
2012-12;20;mothur_mothur
2013-01;17;mothur_mothur
2013-02;17;mothur_mothur
2013-03;29;mothur_mothur
2013-04;22;mothur_mothur
2013-05;26;mothur_mothur
2013-06;16;mothur_mothur
2013-07;22;mothur_mothur
2013-08;22;mothur_mothur
2013-09;17;mothur_mothur
2013-10;16;mothur_mothur
2013-11;6;mothur_mothur
2013-12;4;mothur_mothur
2014-01;11;mothur_mothur
2014-02;7;mothur_mothur
2014-03;5;mothur_mothur
2014-04;5;mothur_mothur
2014-05;0;mothur_mothur
2014-06;3;mothur_mothur
2014-07;1;mothur_mothur
2014-08;1;mothur_mothur
2014-09;7;mothur_mothur
2014-10;14;mothur_mothur
2014-11;8;mothur_mothur
2014-12;2;mothur_mothur
2015-01;11;mothur_mothur
2015-02;26;mothur_mothur
2015-03;47;mothur_mothur
2015-04;66;mothur_mothur
2015-05;21;mothur_mothur
2015-06;95;mothur_mothur
2015-07;57;mothur_mothur
2015-08;35;mothur_mothur
2015-09;25;mothur_mothur
2015-10;12;mothur_mothur
2015-11;3;mothur_mothur
2015-12;0;mothur_mothur
2016-01;32;mothur_mothur
2016-02;20;mothur_mothur
2016-03;26;mothur_mothur
2016-04;30;mothur_mothur
2016-05;30;mothur_mothur
2016-06;53;mothur_mothur
2016-07;31;mothur_mothur
2016-08;58;mothur_mothur
2016-09;41;mothur_mothur
2016-10;6;mothur_mothur
2016-11;6;mothur_mothur
2016-12;13;mothur_mothur
2017-01;29;mothur_mothur
2017-02;27;mothur_mothur
2017-03;31;mothur_mothur
2017-04;30;mothur_mothur
2017-05;7;mothur_mothur
2017-06;0;mothur_mothur
2017-07;21;mothur_mothur
2017-08;12;mothur_mothur
2017-09;29;mothur_mothur
2017-10;12;mothur_mothur
2017-11;6;mothur_mothur
2017-12;14;mothur_mothur
2018-01;35;mothur_mothur
2018-02;20;mothur_mothur
2018-03;28;mothur_mothur
2018-04;34;mothur_mothur
2018-05;29;mothur_mothur
2018-06;38;mothur_mothur
2018-07;33;mothur_mothur
2018-08;28;mothur_mothur
2018-09;36;mothur_mothur
2018-10;64;mothur_mothur
2018-11;23;mothur_mothur
2018-12;39;mothur_mothur
2019-01;57;mothur_mothur
2019-02;42;mothur_mothur
2019-03;14;mothur_mothur
2019-04;41;mothur_mothur
2019-05;55;mothur_mothur
2019-06;15;mothur_mothur
2019-07;30;mothur_mothur
2019-08;26;mothur_mothur
2019-09;29;mothur_mothur
2019-10;29;mothur_mothur
2019-11;21;mothur_mothur
2019-12;12;mothur_mothur
2020-01;40;mothur_mothur
2020-02;18;mothur_mothur
2020-03;55;mothur_mothur
2020-04;30;mothur_mothur
2020-05;23;mothur_mothur
2020-06;15;mothur_mothur
2020-07;11;mothur_mothur
2020-08;6;mothur_mothur
2020-09;3;mothur_mothur
2020-10;12;mothur_mothur
2020-11;13;mothur_mothur
2020-12;3;mothur_mothur
2021-01;16;mothur_mothur
2021-02;21;mothur_mothur
2021-03;32;mothur_mothur
2021-04;7;mothur_mothur
2021-05;14;mothur_mothur
2021-06;12;mothur_mothur
2021-07;23;mothur_mothur
2021-08;23;mothur_mothur
2021-09;17;mothur_mothur
2021-10;20;mothur_mothur
2021-11;15;mothur_mothur
2021-12;15;mothur_mothur
2022-01;17;mothur_mothur
2022-02;19;mothur_mothur
2022-03;19;mothur_mothur
2022-04;8;mothur_mothur
2022-05;10;mothur_mothur
2022-06;0;mothur_mothur
2022-07;0;mothur_mothur
2022-08;1;mothur_mothur
2022-09;2;mothur_mothur
2022-10;2;mothur_mothur
2022-11;1;mothur_mothur
2022-12;2;mothur_mothur
2023-01;0;mothur_mothur
2023-02;0;mothur_mothur
2023-03;0;mothur_mothur
2023-04;0;mothur_mothur
2023-05;0;mothur_mothur
2023-06;0;mothur_mothur
2023-07;0;mothur_mothur
2023-08;0;mothur_mothur
2023-09;0;mothur_mothur
2023-10;0;mothur_mothur
2023-11;0;mothur_mothur
2023-12;0;mothur_mothur
2024-01;1;mothur_mothur
2024-02;0;mothur_mothur
2024-03;3;mothur_mothur
2024-04;3;mothur_mothur
2024-05;3;mothur_mothur
2024-06;1;mothur_mothur
2024-07;1;mothur_mothur
2024-08;1;mothur_mothur
2024-09;1;mothur_mothur
2024-10;0;mothur_mothur
2024-11;4;mothur_mothur
2024-12;0;mothur_mothur
2025-01;2;mothur_mothur
2025-02;0;mothur_mothur
2025-03;0;mothur_mothur
2025-04;1;mothur_mothur
2025-05;6;mothur_mothur
2025-06;1;mothur_mothur
2025-07;2;mothur_mothur
2025-08;1;mothur_mothur
2025-09;0;mothur_mothur
2025-10;4;mothur_mothur
2025-11;3;mothur_mothur
2025-12;1;mothur_mothur
2026-01;4;mothur_mothur
2017-01;6;nasa_ccdd
2017-02;8;nasa_ccdd
2017-03;7;nasa_ccdd
2017-04;6;nasa_ccdd
2017-05;5;nasa_ccdd
2017-06;6;nasa_ccdd
2017-07;5;nasa_ccdd
2017-08;4;nasa_ccdd
2017-09;4;nasa_ccdd
2017-10;10;nasa_ccdd
2017-11;7;nasa_ccdd
2017-12;10;nasa_ccdd
2018-01;11;nasa_ccdd
2018-02;8;nasa_ccdd
2018-03;4;nasa_ccdd
2018-04;12;nasa_ccdd
2018-05;4;nasa_ccdd
2018-06;15;nasa_ccdd
2018-07;12;nasa_ccdd
2018-08;10;nasa_ccdd
2018-09;14;nasa_ccdd
2018-10;17;nasa_ccdd
2018-11;7;nasa_ccdd
2018-12;10;nasa_ccdd
2019-01;3;nasa_ccdd
2019-02;12;nasa_ccdd
2019-03;12;nasa_ccdd
2019-04;12;nasa_ccdd
2019-05;7;nasa_ccdd
2019-06;7;nasa_ccdd
2019-07;7;nasa_ccdd
2019-08;6;nasa_ccdd
2019-09;9;nasa_ccdd
2019-10;3;nasa_ccdd
2019-11;0;nasa_ccdd
2019-12;0;nasa_ccdd
2020-01;3;nasa_ccdd
2020-02;21;nasa_ccdd
2020-03;3;nasa_ccdd
2020-04;1;nasa_ccdd
2020-05;2;nasa_ccdd
2020-06;5;nasa_ccdd
2020-07;8;nasa_ccdd
2020-08;2;nasa_ccdd
2020-09;3;nasa_ccdd
2020-10;9;nasa_ccdd
2020-11;3;nasa_ccdd
2020-12;0;nasa_ccdd
2021-01;3;nasa_ccdd
2021-02;2;nasa_ccdd
2021-03;0;nasa_ccdd
2021-04;2;nasa_ccdd
2021-05;0;nasa_ccdd
2021-06;1;nasa_ccdd
2021-07;0;nasa_ccdd
2021-08;0;nasa_ccdd
2021-09;0;nasa_ccdd
2021-10;1;nasa_ccdd
2021-11;1;nasa_ccdd
2021-12;0;nasa_ccdd
2022-01;0;nasa_ccdd
2022-02;6;nasa_ccdd
2022-03;1;nasa_ccdd
2022-04;6;nasa_ccdd
2022-05;2;nasa_ccdd
2022-06;2;nasa_ccdd
2022-07;0;nasa_ccdd
2022-08;0;nasa_ccdd
2022-09;4;nasa_ccdd
2022-10;1;nasa_ccdd
2022-11;4;nasa_ccdd
2022-12;0;nasa_ccdd
2023-01;3;nasa_ccdd
2023-02;0;nasa_ccdd
2023-03;5;nasa_ccdd
2023-04;0;nasa_ccdd
2023-05;1;nasa_ccdd
2023-06;5;nasa_ccdd
2023-07;1;nasa_ccdd
2023-08;2;nasa_ccdd
2023-09;0;nasa_ccdd
2023-10;2;nasa_ccdd
2023-11;2;nasa_ccdd
2023-12;3;nasa_ccdd
2024-01;5;nasa_ccdd
2024-02;2;nasa_ccdd
2024-03;3;nasa_ccdd
2024-04;8;nasa_ccdd
2024-05;1;nasa_ccdd
2024-06;0;nasa_ccdd
2024-07;6;nasa_ccdd
2024-08;0;nasa_ccdd
2024-09;0;nasa_ccdd
2024-10;0;nasa_ccdd
2024-11;2;nasa_ccdd
2024-12;1;nasa_ccdd
2013-08;5;papenfusslab_gridss
2013-09;13;papenfusslab_gridss
2013-10;5;papenfusslab_gridss
2013-11;19;papenfusslab_gridss
2013-12;0;papenfusslab_gridss
2014-01;0;papenfusslab_gridss
2014-02;0;papenfusslab_gridss
2014-03;6;papenfusslab_gridss
2014-04;17;papenfusslab_gridss
2014-05;18;papenfusslab_gridss
2014-06;10;papenfusslab_gridss
2014-07;45;papenfusslab_gridss
2014-08;30;papenfusslab_gridss
2014-09;2;papenfusslab_gridss
2014-10;34;papenfusslab_gridss
2014-11;87;papenfusslab_gridss
2014-12;61;papenfusslab_gridss
2015-01;44;papenfusslab_gridss
2015-02;36;papenfusslab_gridss
2015-03;21;papenfusslab_gridss
2015-04;35;papenfusslab_gridss
2015-05;40;papenfusslab_gridss
2015-06;32;papenfusslab_gridss
2015-07;61;papenfusslab_gridss
2015-08;18;papenfusslab_gridss
2015-09;19;papenfusslab_gridss
2015-10;13;papenfusslab_gridss
2015-11;52;papenfusslab_gridss
2015-12;38;papenfusslab_gridss
2016-01;14;papenfusslab_gridss
2016-02;9;papenfusslab_gridss
2016-03;13;papenfusslab_gridss
2016-04;36;papenfusslab_gridss
2016-05;21;papenfusslab_gridss
2016-06;6;papenfusslab_gridss
2016-07;20;papenfusslab_gridss
2016-08;3;papenfusslab_gridss
2016-09;6;papenfusslab_gridss
2016-10;12;papenfusslab_gridss
2016-11;36;papenfusslab_gridss
2016-12;52;papenfusslab_gridss
2017-01;36;papenfusslab_gridss
2017-02;51;papenfusslab_gridss
2017-03;25;papenfusslab_gridss
2017-04;1;papenfusslab_gridss
2017-05;24;papenfusslab_gridss
2017-06;8;papenfusslab_gridss
2017-07;10;papenfusslab_gridss
2017-08;3;papenfusslab_gridss
2017-09;1;papenfusslab_gridss
2017-10;10;papenfusslab_gridss
2017-11;22;papenfusslab_gridss
2017-12;9;papenfusslab_gridss
2018-01;7;papenfusslab_gridss
2018-02;9;papenfusslab_gridss
2018-03;3;papenfusslab_gridss
2018-04;35;papenfusslab_gridss
2018-05;19;papenfusslab_gridss
2018-06;13;papenfusslab_gridss
2018-07;12;papenfusslab_gridss
2018-08;19;papenfusslab_gridss
2018-09;10;papenfusslab_gridss
2018-10;8;papenfusslab_gridss
2018-11;0;papenfusslab_gridss
2018-12;16;papenfusslab_gridss
2019-01;19;papenfusslab_gridss
2019-02;12;papenfusslab_gridss
2019-03;11;papenfusslab_gridss
2019-04;8;papenfusslab_gridss
2019-05;22;papenfusslab_gridss
2019-06;97;papenfusslab_gridss
2019-07;15;papenfusslab_gridss
2019-08;18;papenfusslab_gridss
2019-09;44;papenfusslab_gridss
2019-10;32;papenfusslab_gridss
2019-11;20;papenfusslab_gridss
2019-12;11;papenfusslab_gridss
2020-01;3;papenfusslab_gridss
2020-02;15;papenfusslab_gridss
2020-03;31;papenfusslab_gridss
2020-04;33;papenfusslab_gridss
2020-05;57;papenfusslab_gridss
2020-06;23;papenfusslab_gridss
2020-07;24;papenfusslab_gridss
2020-08;47;papenfusslab_gridss
2020-09;56;papenfusslab_gridss
2020-10;53;papenfusslab_gridss
2020-11;22;papenfusslab_gridss
2020-12;12;papenfusslab_gridss
2021-01;4;papenfusslab_gridss
2021-02;57;papenfusslab_gridss
2021-03;61;papenfusslab_gridss
2021-04;19;papenfusslab_gridss
2021-05;25;papenfusslab_gridss
2021-06;7;papenfusslab_gridss
2021-07;7;papenfusslab_gridss
2021-08;22;papenfusslab_gridss
2021-09;2;papenfusslab_gridss
2021-10;14;papenfusslab_gridss
2021-11;27;papenfusslab_gridss
2021-12;19;papenfusslab_gridss
2022-01;6;papenfusslab_gridss
2022-02;12;papenfusslab_gridss
2022-03;1;papenfusslab_gridss
2022-04;6;papenfusslab_gridss
2022-05;0;papenfusslab_gridss
2022-06;4;papenfusslab_gridss
2022-07;3;papenfusslab_gridss
2022-08;0;papenfusslab_gridss
2022-09;0;papenfusslab_gridss
2022-10;2;papenfusslab_gridss
2022-11;0;papenfusslab_gridss
2022-12;1;papenfusslab_gridss
2023-01;0;papenfusslab_gridss
2023-02;0;papenfusslab_gridss
2023-03;4;papenfusslab_gridss
2023-04;9;papenfusslab_gridss
2023-05;0;papenfusslab_gridss
2023-06;2;papenfusslab_gridss
2023-07;3;papenfusslab_gridss
2023-08;0;papenfusslab_gridss
2023-09;0;papenfusslab_gridss
2023-10;0;papenfusslab_gridss
2023-11;5;papenfusslab_gridss
2023-12;3;papenfusslab_gridss
2024-01;4;papenfusslab_gridss
2024-02;1;papenfusslab_gridss
2024-03;1;papenfusslab_gridss
2024-04;2;papenfusslab_gridss
2024-05;5;papenfusslab_gridss
2024-06;1;papenfusslab_gridss
2024-07;0;papenfusslab_gridss
2024-08;1;papenfusslab_gridss
2024-09;1;papenfusslab_gridss
2024-10;1;papenfusslab_gridss
2024-11;1;papenfusslab_gridss
2024-12;1;papenfusslab_gridss
2025-01;0;papenfusslab_gridss
2025-02;0;papenfusslab_gridss
2025-03;0;papenfusslab_gridss
2025-04;4;papenfusslab_gridss
2025-05;1;papenfusslab_gridss
2025-06;3;papenfusslab_gridss
2025-07;0;papenfusslab_gridss
2025-08;5;papenfusslab_gridss
2016-12;19;stephenslab_mashr
2017-01;9;stephenslab_mashr
2017-02;7;stephenslab_mashr
2017-03;8;stephenslab_mashr
2017-04;0;stephenslab_mashr
2017-05;45;stephenslab_mashr
2017-06;183;stephenslab_mashr
2017-07;0;stephenslab_mashr
2017-08;8;stephenslab_mashr
2017-09;0;stephenslab_mashr
2017-10;30;stephenslab_mashr
2017-11;44;stephenslab_mashr
2017-12;4;stephenslab_mashr
2018-01;7;stephenslab_mashr
2018-02;16;stephenslab_mashr
2018-03;9;stephenslab_mashr
2018-04;12;stephenslab_mashr
2018-05;20;stephenslab_mashr
2018-06;6;stephenslab_mashr
2018-07;4;stephenslab_mashr
2018-08;0;stephenslab_mashr
2018-09;28;stephenslab_mashr
2018-10;38;stephenslab_mashr
2018-11;90;stephenslab_mashr
2018-12;32;stephenslab_mashr
2019-01;16;stephenslab_mashr
2019-02;3;stephenslab_mashr
2019-03;15;stephenslab_mashr
2019-04;8;stephenslab_mashr
2019-05;15;stephenslab_mashr
2019-06;5;stephenslab_mashr
2019-07;0;stephenslab_mashr
2019-08;0;stephenslab_mashr
2019-09;0;stephenslab_mashr
2019-10;0;stephenslab_mashr
2019-11;1;stephenslab_mashr
2019-12;1;stephenslab_mashr
2020-01;0;stephenslab_mashr
2020-02;7;stephenslab_mashr
2020-03;12;stephenslab_mashr
2020-04;8;stephenslab_mashr
2020-05;83;stephenslab_mashr
2020-06;32;stephenslab_mashr
2020-07;0;stephenslab_mashr
2020-08;0;stephenslab_mashr
2020-09;0;stephenslab_mashr
2020-10;3;stephenslab_mashr
2020-11;2;stephenslab_mashr
2020-12;1;stephenslab_mashr
2021-01;4;stephenslab_mashr
2021-02;9;stephenslab_mashr
2021-03;8;stephenslab_mashr
2021-04;7;stephenslab_mashr
2021-05;13;stephenslab_mashr
2021-06;1;stephenslab_mashr
2021-07;5;stephenslab_mashr
2021-08;0;stephenslab_mashr
2021-09;1;stephenslab_mashr
2021-10;3;stephenslab_mashr
2021-11;0;stephenslab_mashr
2021-12;0;stephenslab_mashr
2022-01;8;stephenslab_mashr
2022-02;3;stephenslab_mashr
2022-03;1;stephenslab_mashr
2022-04;5;stephenslab_mashr
2022-05;0;stephenslab_mashr
2022-06;0;stephenslab_mashr
2022-07;3;stephenslab_mashr
2022-08;0;stephenslab_mashr
2022-09;0;stephenslab_mashr
2022-10;0;stephenslab_mashr
2022-11;1;stephenslab_mashr
2022-12;15;stephenslab_mashr
2023-01;0;stephenslab_mashr
2023-02;0;stephenslab_mashr
2023-03;0;stephenslab_mashr
2023-04;0;stephenslab_mashr
2023-05;0;stephenslab_mashr
2023-06;2;stephenslab_mashr
2023-07;0;stephenslab_mashr
2023-08;11;stephenslab_mashr
2023-09;1;stephenslab_mashr
2023-10;6;stephenslab_mashr
2023-11;0;stephenslab_mashr
2023-12;0;stephenslab_mashr
2024-01;0;stephenslab_mashr
2024-02;0;stephenslab_mashr
2024-03;0;stephenslab_mashr
2024-04;0;stephenslab_mashr
2024-05;0;stephenslab_mashr
2024-06;0;stephenslab_mashr
2024-07;0;stephenslab_mashr
2024-08;0;stephenslab_mashr
2024-09;0;stephenslab_mashr
2024-10;0;stephenslab_mashr
2024-11;5;stephenslab_mashr
